27;08/10 20:34:46
44;08/10 20:34:47
43;08/10 20:34:48
28;08/10 20:34:49
25;08/10 20:34:50
42;08/10 20:34:51
39;08/10 20:34:52
23;08/10 20:34:53
43;08/10 20:34:54
29;08/10 20:34:55
35;08/10 20:34:56
35;08/10 20:34:57
37;08/10 20:34:58
37;08/10 20:34:59
32;08/10 20:35:00
23;08/10 20:35:01
22;08/10 20:35:02
24;08/10 20:35:03
35;08/10 20:35:04
32;08/10 20:35:05
27;08/10 20:35:46
44;08/10 20:35:47
43;08/10 20:35:48
28;08/10 20:35:50
25;08/10 20:35:51
42;08/10 20:35:52
23;08/10 20:35:54
43;08/10 20:35:55
29;08/10 20:35:56
35;08/10 20:35:57
35;08/10 20:35:59
37;08/10 20:36:00
37;08/10 20:36:01
32;08/10 20:36:02
23;08/10 20:36:03
22;08/10 20:36:05
24;08/10 20:36:06
35;08/10 20:36:07
32;08/10 20:36:08
23;08/10 20:36:10
29;08/10 20:36:11
27;08/10 20:36:12
30;08/10 20:36:13
27;08/10 20:38:33
43;08/10 20:38:34
28;08/10 20:38:35
25;08/10 20:38:37
42;08/10 20:38:38
23;08/10 20:38:39
43;08/10 20:38:40
29;08/10 20:38:42
35;08/10 20:38:43
35;08/10 20:38:44
37;08/10 20:38:45
37;08/10 20:38:47
32;08/10 20:38:48
27;08/10 20:39:32
43;08/10 20:39:33
28;08/10 20:39:34
25;08/10 20:39:36
42;08/10 20:39:37
23;08/10 20:39:38
43;08/10 20:39:39
29;08/10 20:39:41
35;08/10 20:39:42
